{
    "2": [
        {
            "seq": 9,
            "frame_count": 150,
            "metric": {
                "1": {
                    "TP": 151,
                    "RP": 447,
                    "PP": 390,
                    "Precision": 0.3871794871794872,
                    "Recall": 0.3378076062639821,
                    "F1": 0.36081242532855434
                },
                "2": {
                    "TP": 230,
                    "RP": 447,
                    "PP": 435,
                    "Precision": 0.5287356321839081,
                    "Recall": 0.5145413870246085,
                    "F1": 0.5215419501133787
                },
                "3": {
                    "TP": 277,
                    "RP": 447,
                    "PP": 410,
                    "Precision": 0.675609756097561,
                    "Recall": 0.6196868008948546,
                    "F1": 0.6464410735122521
                },
                "5": {
                    "TP": 326,
                    "RP": 447,
                    "PP": 396,
                    "Precision": 0.8232323232323232,
                    "Recall": 0.7293064876957495,
                    "F1": 0.7734282325029657
                },
                "10": {
                    "TP": 355,
                    "RP": 447,
                    "PP": 411,
                    "Precision": 0.8637469586374696,
                    "Recall": 0.7941834451901566,
                    "F1": 0.8275058275058274
                },
                "15": {
                    "TP": 364,
                    "RP": 447,
                    "PP": 414,
                    "Precision": 0.8792270531400966,
                    "Recall": 0.814317673378076,
                    "F1": 0.8455284552845528
                },
                "30": {
                    "TP": 366,
                    "RP": 447,
                    "PP": 409,
                    "Precision": 0.8948655256723717,
                    "Recall": 0.8187919463087249,
                    "F1": 0.8551401869158879
                }
            }
        },
        {
            "seq": 10,
            "frame_count": 150,
            "metric": {
                "1": {
                    "TP": 172,
                    "RP": 548,
                    "PP": 540,
                    "Precision": 0.31851851851851853,
                    "Recall": 0.31386861313868614,
                    "F1": 0.31617647058823534
                },
                "2": {
                    "TP": 303,
                    "RP": 548,
                    "PP": 525,
                    "Precision": 0.5771428571428572,
                    "Recall": 0.5529197080291971,
                    "F1": 0.5647716682199441
                },
                "3": {
                    "TP": 359,
                    "RP": 548,
                    "PP": 550,
                    "Precision": 0.6527272727272727,
                    "Recall": 0.6551094890510949,
                    "F1": 0.6539162112932605
                },
                "5": {
                    "TP": 438,
                    "RP": 548,
                    "PP": 540,
                    "Precision": 0.8111111111111111,
                    "Recall": 0.7992700729927007,
                    "F1": 0.8051470588235294
                },
                "10": {
                    "TP": 463,
                    "RP": 548,
                    "PP": 534,
                    "Precision": 0.8670411985018727,
                    "Recall": 0.8448905109489051,
                    "F1": 0.855822550831793
                },
                "15": {
                    "TP": 483,
                    "RP": 548,
                    "PP": 546,
                    "Precision": 0.8846153846153846,
                    "Recall": 0.8813868613138686,
                    "F1": 0.8829981718464351
                },
                "30": {
                    "TP": 491,
                    "RP": 548,
                    "PP": 550,
                    "Precision": 0.8927272727272727,
                    "Recall": 0.8959854014598541,
                    "F1": 0.8943533697632059
                }
            }
        },
        {
            "seq": 11,
            "frame_count": 150,
            "metric": {
                "1": {
                    "TP": 137,
                    "RP": 414,
                    "PP": 360,
                    "Precision": 0.38055555555555554,
                    "Recall": 0.3309178743961353,
                    "F1": 0.35400516795865633
                },
                "2": {
                    "TP": 178,
                    "RP": 414,
                    "PP": 390,
                    "Precision": 0.4564102564102564,
                    "Recall": 0.42995169082125606,
                    "F1": 0.4427860696517413
                },
                "3": {
                    "TP": 215,
                    "RP": 414,
                    "PP": 380,
                    "Precision": 0.5657894736842105,
                    "Recall": 0.5193236714975845,
                    "F1": 0.5415617128463477
                },
                "5": {
                    "TP": 315,
                    "RP": 414,
                    "PP": 390,
                    "Precision": 0.8076923076923077,
                    "Recall": 0.7608695652173914,
                    "F1": 0.7835820895522388
                },
                "10": {
                    "TP": 357,
                    "RP": 414,
                    "PP": 405,
                    "Precision": 0.8814814814814815,
                    "Recall": 0.8623188405797102,
                    "F1": 0.8717948717948718
                },
                "15": {
                    "TP": 357,
                    "RP": 414,
                    "PP": 388,
                    "Precision": 0.9201030927835051,
                    "Recall": 0.8623188405797102,
                    "F1": 0.8902743142144638
                },
                "30": {
                    "TP": 364,
                    "RP": 414,
                    "PP": 395,
                    "Precision": 0.9215189873417722,
                    "Recall": 0.8792270531400966,
                    "F1": 0.899876390605686
                }
            }
        }
    ]
}