{
    "2": [
        {
            "seq": 3,
            "frame_count": 149,
            "metric": {
                "1": {
                    "TP": 309,
                    "RP": 698,
                    "PP": 685,
                    "Precision": 0.4510948905109489,
                    "Recall": 0.44269340974212035,
                    "F1": 0.4468546637744035
                },
                "2": {
                    "TP": 367,
                    "RP": 698,
                    "PP": 730,
                    "Precision": 0.5027397260273972,
                    "Recall": 0.5257879656160458,
                    "F1": 0.5140056022408963
                },
                "3": {
                    "TP": 400,
                    "RP": 698,
                    "PP": 685,
                    "Precision": 0.583941605839416,
                    "Recall": 0.5730659025787965,
                    "F1": 0.5784526391901662
                },
                "5": {
                    "TP": 511,
                    "RP": 698,
                    "PP": 703,
                    "Precision": 0.7268847795163584,
                    "Recall": 0.7320916905444126,
                    "F1": 0.7294789436117058
                },
                "10": {
                    "TP": 547,
                    "RP": 698,
                    "PP": 700,
                    "Precision": 0.7814285714285715,
                    "Recall": 0.7836676217765043,
                    "F1": 0.782546494992847
                },
                "15": {
                    "TP": 551,
                    "RP": 698,
                    "PP": 687,
                    "Precision": 0.8020378457059679,
                    "Recall": 0.7893982808022922,
                    "F1": 0.7956678700361011
                },
                "30": {
                    "TP": 552,
                    "RP": 698,
                    "PP": 679,
                    "Precision": 0.812960235640648,
                    "Recall": 0.7908309455587392,
                    "F1": 0.8017429193899781
                }
            }
        },
        {
            "seq": 4,
            "frame_count": 149,
            "metric": {
                "1": {
                    "TP": 307,
                    "RP": 868,
                    "PP": 925,
                    "Precision": 0.3318918918918919,
                    "Recall": 0.35368663594470046,
                    "F1": 0.3424428332403793
                },
                "2": {
                    "TP": 377,
                    "RP": 868,
                    "PP": 853,
                    "Precision": 0.44196951934349354,
                    "Recall": 0.434331797235023,
                    "F1": 0.4381173736199883
                },
                "3": {
                    "TP": 451,
                    "RP": 868,
                    "PP": 856,
                    "Precision": 0.5268691588785047,
                    "Recall": 0.5195852534562212,
                    "F1": 0.5232018561484919
                },
                "5": {
                    "TP": 553,
                    "RP": 868,
                    "PP": 849,
                    "Precision": 0.6513545347467609,
                    "Recall": 0.6370967741935484,
                    "F1": 0.6441467676179382
                },
                "10": {
                    "TP": 631,
                    "RP": 868,
                    "PP": 839,
                    "Precision": 0.7520858164481525,
                    "Recall": 0.7269585253456221,
                    "F1": 0.7393087287639133
                },
                "15": {
                    "TP": 656,
                    "RP": 868,
                    "PP": 839,
                    "Precision": 0.7818831942789034,
                    "Recall": 0.7557603686635944,
                    "F1": 0.7685998828353836
                },
                "30": {
                    "TP": 672,
                    "RP": 868,
                    "PP": 846,
                    "Precision": 0.7943262411347518,
                    "Recall": 0.7741935483870968,
                    "F1": 0.7841306884480747
                }
            }
        },
        {
            "seq": 5,
            "frame_count": 149,
            "metric": {
                "1": {
                    "TP": 318,
                    "RP": 1150,
                    "PP": 982,
                    "Precision": 0.32382892057026474,
                    "Recall": 0.27652173913043476,
                    "F1": 0.29831144465290804
                },
                "2": {
                    "TP": 440,
                    "RP": 1150,
                    "PP": 1086,
                    "Precision": 0.40515653775322286,
                    "Recall": 0.3826086956521739,
                    "F1": 0.39355992844364934
                },
                "3": {
                    "TP": 523,
                    "RP": 1150,
                    "PP": 1049,
                    "Precision": 0.49857006673021925,
                    "Recall": 0.4547826086956522,
                    "F1": 0.4756707594361073
                },
                "5": {
                    "TP": 692,
                    "RP": 1150,
                    "PP": 1112,
                    "Precision": 0.6223021582733813,
                    "Recall": 0.6017391304347826,
                    "F1": 0.6118479221927497
                },
                "10": {
                    "TP": 867,
                    "RP": 1150,
                    "PP": 1135,
                    "Precision": 0.7638766519823789,
                    "Recall": 0.7539130434782608,
                    "F1": 0.7588621444201312
                },
                "15": {
                    "TP": 872,
                    "RP": 1150,
                    "PP": 1133,
                    "Precision": 0.7696381288614298,
                    "Recall": 0.7582608695652174,
                    "F1": 0.7639071397284276
                },
                "30": {
                    "TP": 886,
                    "RP": 1150,
                    "PP": 1140,
                    "Precision": 0.7771929824561403,
                    "Recall": 0.7704347826086957,
                    "F1": 0.7737991266375546
                }
            }
        }
    ]
}