{
    "2": [
        {
            "seq": 0,
            "frame_count": 149,
            "metric": {
                "1": {
                    "TP": 703,
                    "RP": 1434,
                    "PP": 1400,
                    "Precision": 0.5021428571428571,
                    "Recall": 0.4902370990237099,
                    "F1": 0.4961185603387438
                },
                "2": {
                    "TP": 849,
                    "RP": 1434,
                    "PP": 1357,
                    "Precision": 0.6256448047162859,
                    "Recall": 0.5920502092050209,
                    "F1": 0.6083840917233966
                },
                "3": {
                    "TP": 962,
                    "RP": 1434,
                    "PP": 1363,
                    "Precision": 0.7057960381511372,
                    "Recall": 0.6708507670850767,
                    "F1": 0.6878798712906686
                },
                "5": {
                    "TP": 1110,
                    "RP": 1434,
                    "PP": 1350,
                    "Precision": 0.8222222222222222,
                    "Recall": 0.7740585774058577,
                    "F1": 0.7974137931034482
                },
                "10": {
                    "TP": 1140,
                    "RP": 1434,
                    "PP": 1333,
                    "Precision": 0.8552138034508627,
                    "Recall": 0.7949790794979079,
                    "F1": 0.8239971087820744
                },
                "15": {
                    "TP": 1153,
                    "RP": 1434,
                    "PP": 1335,
                    "Precision": 0.8636704119850187,
                    "Recall": 0.8040446304044631,
                    "F1": 0.832791621524016
                },
                "30": {
                    "TP": 1153,
                    "RP": 1434,
                    "PP": 1329,
                    "Precision": 0.8675696012039127,
                    "Recall": 0.8040446304044631,
                    "F1": 0.8346000723850887
                }
            }
        },
        {
            "seq": 1,
            "frame_count": 149,
            "metric": {
                "1": {
                    "TP": 282,
                    "RP": 684,
                    "PP": 746,
                    "Precision": 0.3780160857908847,
                    "Recall": 0.41228070175438597,
                    "F1": 0.39440559440559436
                },
                "2": {
                    "TP": 342,
                    "RP": 684,
                    "PP": 687,
                    "Precision": 0.4978165938864629,
                    "Recall": 0.5,
                    "F1": 0.49890590809628005
                },
                "3": {
                    "TP": 419,
                    "RP": 684,
                    "PP": 746,
                    "Precision": 0.561662198391421,
                    "Recall": 0.6125730994152047,
                    "F1": 0.586013986013986
                },
                "5": {
                    "TP": 534,
                    "RP": 684,
                    "PP": 728,
                    "Precision": 0.7335164835164835,
                    "Recall": 0.7807017543859649,
                    "F1": 0.7563739376770539
                },
                "10": {
                    "TP": 553,
                    "RP": 684,
                    "PP": 713,
                    "Precision": 0.7755960729312763,
                    "Recall": 0.8084795321637427,
                    "F1": 0.791696492483894
                },
                "15": {
                    "TP": 570,
                    "RP": 684,
                    "PP": 740,
                    "Precision": 0.7702702702702703,
                    "Recall": 0.8333333333333334,
                    "F1": 0.8005617977528091
                },
                "30": {
                    "TP": 576,
                    "RP": 684,
                    "PP": 733,
                    "Precision": 0.7858117326057299,
                    "Recall": 0.8421052631578947,
                    "F1": 0.812985179957657
                }
            }
        },
        {
            "seq": 2,
            "frame_count": 149,
            "metric": {
                "1": {
                    "TP": 276,
                    "RP": 555,
                    "PP": 565,
                    "Precision": 0.48849557522123893,
                    "Recall": 0.4972972972972973,
                    "F1": 0.4928571428571428
                },
                "2": {
                    "TP": 320,
                    "RP": 555,
                    "PP": 551,
                    "Precision": 0.5807622504537205,
                    "Recall": 0.5765765765765766,
                    "F1": 0.5786618444846293
                },
                "3": {
                    "TP": 361,
                    "RP": 555,
                    "PP": 575,
                    "Precision": 0.6278260869565218,
                    "Recall": 0.6504504504504505,
                    "F1": 0.6389380530973452
                },
                "5": {
                    "TP": 416,
                    "RP": 555,
                    "PP": 577,
                    "Precision": 0.7209705372616985,
                    "Recall": 0.7495495495495496,
                    "F1": 0.7349823321554771
                },
                "10": {
                    "TP": 451,
                    "RP": 555,
                    "PP": 569,
                    "Precision": 0.7926186291739895,
                    "Recall": 0.8126126126126126,
                    "F1": 0.802491103202847
                },
                "15": {
                    "TP": 455,
                    "RP": 555,
                    "PP": 567,
                    "Precision": 0.8024691358024691,
                    "Recall": 0.8198198198198198,
                    "F1": 0.8110516934046346
                },
                "30": {
                    "TP": 459,
                    "RP": 555,
                    "PP": 569,
                    "Precision": 0.8066783831282952,
                    "Recall": 0.827027027027027,
                    "F1": 0.8167259786476868
                }
            }
        }
    ]
}