{
    "2": [
        {
            "seq": 6,
            "frame_count": 150,
            "metric": {
                "1": {
                    "TP": 887,
                    "RP": 1535,
                    "PP": 1260,
                    "Precision": 0.703968253968254,
                    "Recall": 0.5778501628664495,
                    "F1": 0.6347048300536673
                },
                "2": {
                    "TP": 1041,
                    "RP": 1535,
                    "PP": 1230,
                    "Precision": 0.8463414634146341,
                    "Recall": 0.6781758957654723,
                    "F1": 0.7529837251356238
                },
                "3": {
                    "TP": 1075,
                    "RP": 1535,
                    "PP": 1250,
                    "Precision": 0.86,
                    "Recall": 0.7003257328990228,
                    "F1": 0.7719928186714541
                },
                "5": {
                    "TP": 1105,
                    "RP": 1535,
                    "PP": 1248,
                    "Precision": 0.8854166666666666,
                    "Recall": 0.7198697068403909,
                    "F1": 0.794107078692059
                },
                "10": {
                    "TP": 1108,
                    "RP": 1535,
                    "PP": 1251,
                    "Precision": 0.885691446842526,
                    "Recall": 0.7218241042345277,
                    "F1": 0.7954055994256999
                },
                "15": {
                    "TP": 1129,
                    "RP": 1535,
                    "PP": 1258,
                    "Precision": 0.8974562798092209,
                    "Recall": 0.7355048859934853,
                    "F1": 0.8084496956677407
                },
                "30": {
                    "TP": 1120,
                    "RP": 1535,
                    "PP": 1248,
                    "Precision": 0.8974358974358975,
                    "Recall": 0.7296416938110749,
                    "F1": 0.8048868127919511
                }
            }
        },
        {
            "seq": 7,
            "frame_count": 150,
            "metric": {
                "1": {
                    "TP": 380,
                    "RP": 652,
                    "PP": 570,
                    "Precision": 0.6666666666666666,
                    "Recall": 0.5828220858895705,
                    "F1": 0.6219312602291326
                },
                "2": {
                    "TP": 446,
                    "RP": 652,
                    "PP": 570,
                    "Precision": 0.7824561403508772,
                    "Recall": 0.6840490797546013,
                    "F1": 0.7299509001636661
                },
                "3": {
                    "TP": 468,
                    "RP": 652,
                    "PP": 630,
                    "Precision": 0.7428571428571429,
                    "Recall": 0.7177914110429447,
                    "F1": 0.7301092043681747
                },
                "5": {
                    "TP": 515,
                    "RP": 652,
                    "PP": 612,
                    "Precision": 0.8415032679738562,
                    "Recall": 0.7898773006134969,
                    "F1": 0.8148734177215189
                },
                "10": {
                    "TP": 522,
                    "RP": 652,
                    "PP": 606,
                    "Precision": 0.8613861386138614,
                    "Recall": 0.8006134969325154,
                    "F1": 0.8298887122416535
                },
                "15": {
                    "TP": 528,
                    "RP": 652,
                    "PP": 614,
                    "Precision": 0.8599348534201955,
                    "Recall": 0.8098159509202454,
                    "F1": 0.8341232227488152
                },
                "30": {
                    "TP": 525,
                    "RP": 652,
                    "PP": 605,
                    "Precision": 0.8677685950413223,
                    "Recall": 0.8052147239263804,
                    "F1": 0.8353221957040573
                }
            }
        },
        {
            "seq": 8,
            "frame_count": 150,
            "metric": {
                "1": {
                    "TP": 38,
                    "RP": 334,
                    "PP": 180,
                    "Precision": 0.2111111111111111,
                    "Recall": 0.11377245508982035,
                    "F1": 0.14785992217898833
                },
                "2": {
                    "TP": 138,
                    "RP": 334,
                    "PP": 225,
                    "Precision": 0.6133333333333333,
                    "Recall": 0.41317365269461076,
                    "F1": 0.4937388193202146
                },
                "3": {
                    "TP": 185,
                    "RP": 334,
                    "PP": 300,
                    "Precision": 0.6166666666666667,
                    "Recall": 0.5538922155688623,
                    "F1": 0.583596214511041
                },
                "5": {
                    "TP": 227,
                    "RP": 334,
                    "PP": 294,
                    "Precision": 0.7721088435374149,
                    "Recall": 0.6796407185628742,
                    "F1": 0.7229299363057324
                },
                "10": {
                    "TP": 250,
                    "RP": 334,
                    "PP": 294,
                    "Precision": 0.8503401360544217,
                    "Recall": 0.7485029940119761,
                    "F1": 0.7961783439490444
                },
                "15": {
                    "TP": 256,
                    "RP": 334,
                    "PP": 298,
                    "Precision": 0.8590604026845637,
                    "Recall": 0.7664670658682635,
                    "F1": 0.810126582278481
                },
                "30": {
                    "TP": 262,
                    "RP": 334,
                    "PP": 304,
                    "Precision": 0.8618421052631579,
                    "Recall": 0.7844311377245509,
                    "F1": 0.8213166144200627
                }
            }
        }
    ]
}