{
    "1": [
        [
            115200,
            306000000
        ],
        [
            1456.4110445670003,
            3205134060.2692604,
            1602610700.5348015,
            1922732618.7312698
        ]
    ],
    "2": [
        [
            192000,
            306000000
        ],
        [
            866.4352063539991,
            2074185257.9079437,
            1037461600.5160904,
            1241500573.332386
        ]
    ],
    "3": [
        [
            345600,
            306000000
        ],
        [
            514.4624203970016,
            1232994928.55402,
            616690996.6962433,
            756968285.1888657
        ]
    ],
    "4": [
        [
            422400,
            306000000
        ],
        [
            431.9293915219969,
            1041937857.7352524,
            521434980.1837158,
            649761366.7749405
        ]
    ],
    "5": [
        [
            499200,
            306000000
        ],
        [
            374.70457884200005,
            983611584.6195221,
            527635154.72099304,
            607701021.4740944
        ]
    ],
    "6": [
        [
            652800,
            306000000
        ],
        [
            299.5417385050023,
            837199368.9964485,
            478324197.03998566,
            520243204.06440735
        ]
    ],
    "7": [
        [
            729600,
            306000000
        ],
        [
            274.4856249889999,
            766353698.0936813,
            437930863.7986946,
            479214836.6121292
        ]
    ],
    "8": [
        [
            960000,
            306000000
        ],
        [
            226.78472597699874,
            648836616.2759018,
            370045042.1103859,
            404540285.3600693
        ]
    ],
    "9": [
        [
            1036800,
            306000000
        ],
        [
            193.45942988200113,
            615647583.7770653,
            346479715.7634735,
            376009391.0423088
        ]
    ],
    "10": [
        [
            1113600,
            306000000
        ],
        [
            182.99552349900478,
            583073705.4006577,
            328186398.8865471,
            355991517.7486038
        ]
    ],
    "11": [
        [
            1267200,
            306000000
        ],
        [
            171.35130347000086,
            546860158.5078049,
            332157713.96678925,
            333789432.95793533
        ]
    ],
    "12": [
        [
            1113600,
            510000000
        ],
        [
            154.59603778200108,
            554840100.7825279,
            308255908.8005638,
            339577149.5700455
        ]
    ],
    "13": [
        [
            1728000,
            306000000
        ],
        [
            136.9356734949979,
            491263436.7186928,
            300263001.6597557,
            307525340.86328506
        ]
    ],
    "14": [
        [
            1497600,
            408000000
        ],
        [
            132.35627421399113,
            474348036.7439461,
            289882050.78647614,
            296965224.59213257
        ]
    ],
    "15": [
        [
            1728000,
            408000000
        ],
        [
            121.09107076800137,
            451926334.7999191,
            298350401.52902603,
            280794299.9097824
        ]
    ],
    "16": [
        [
            1574400,
            612000000
        ],
        [
            114.98150879298919,
            458667319.49920654,
            279861588.6308861,
            281353685.8229637
        ]
    ],
    "17": [
        [
            1881600,
            510000000
        ],
        [
            106.68748026899993,
            425160098.5541153,
            276372511.0655594,
            263117214.04575348
        ]
    ],
    "18": [
        [
            2112000,
            510000000
        ],
        [
            101.70900132000679,
            405357399.3693161,
            283778425.0561714,
            253584200.10665894
        ]
    ],
    "19": [
        [
            1881600,
            714000000
        ],
        [
            96.69866748798813,
            430154145.7792473,
            272962170.5516052,
            259724563.64513397
        ]
    ],
    "20": [
        [
            2112000,
            714000000
        ],
        [
            90.38380136300111,
            428516252.30176926,
            286291483.89930725,
            259528083.0574417
        ]
    ],
    "21": [
        [
            2188800,
            816000000
        ],
        [
            86.59595304100367,
            415006181.0060501,
            293812633.11288834,
            250989926.83387756
        ]
    ],
    "22": [
        [
            2112000,
            1122000000
        ],
        [
            83.58073217600759,
            565762939.3932152,
            361137065.1848221,
            323601288.3889961
        ]
    ],
    "23": [
        [
            2201600,
            1122000000
        ],
        [
            79.8250387450098,
            556222163.0245972,
            357567460.83408356,
            318124883.5256767
        ]
    ]
}