{
    "throughput": [
        1.2359148241251843,
        2.0774779080994255,
        3.4987978298025575,
        4.1673478011239515,
        4.803784372111977,
        5.296643065254563,
        6.5577204637661275,
        7.091331078520953,
        7.31661557088598,
        7.937042462826892,
        9.304276359637234,
        9.83630618707342,
        10.166313048728364,
        10.504734796576164,
        10.670376821690445,
        10.989014134431923,
        11.394355837948895,
        11.643247950107334,
        11.736507227699088,
        11.976446285098445,
        12.330221334981301,
        13.599657520502534,
        14.088436790889265,
        14.476308091251811,
        14.864845017752165,
        15.026244491145412,
        15.37292013591684,
        15.654691079421216,
        15.702469575770396,
        15.96397312853571,
        16.871707865454425,
        17.19413423110981,
        17.45529536077658,
        17.697548659795256,
        18.00068313294445,
        18.047341249919125,
        18.24567320458947,
        18.61452744655034,
        18.817617098695994,
        19.1725326284958,
        19.4715281115071,
        19.915072976083472,
        20.183813536639214,
        20.31771085846967,
        20.78619077207557,
        20.976758677892978,
        21.061867707262326,
        21.16305572233939,
        21.399414450481675,
        21.536064032192126,
        22.181310476993108,
        22.549315707191255,
        22.555214109683693
    ],
    "power": [
        3.301090566937738,
        3.5913208923238398,
        3.5953761672677533,
        3.619510199132513,
        4.033168593805083,
        4.343181750122123,
        4.387423064288478,
        4.390148263360586,
        4.392463097379464,
        4.492726104004139,
        4.973276826709248,
        4.979685223240779,
        4.989169929579534,
        5.12991646210901,
        5.183587355028467,
        5.187214318454778,
        5.569423049680628,
        5.582911580180085,
        5.592461306365333,
        5.722832748080481,
        5.763031091219457,
        5.774037476265232,
        5.7856374793338805,
        5.968947537809472,
        6.195970781085931,
        6.213919429905262,
        6.364731306923881,
        6.423023283332695,
        6.494438216173888,
        6.5628795360438605,
        6.575585137551686,
        6.581032834239693,
        6.772092116350713,
        6.775563769987881,
        6.777848885157546,
        7.183792347885571,
        7.266375222687854,
        7.27120998247668,
        7.367786542915257,
        7.561285114914921,
        7.79084258368305,
        7.908582350174147,
        7.96465466096535,
        8.153476768641816,
        8.18535727395146,
        8.896082929276727,
        9.072089753097757,
        9.415640983540989,
        9.759023406038796,
        11.089876583350993,
        11.16476148489565,
        11.447405954636075,
        12.353266929664633
    ]
}