{
    "2201600:306000000": [
        189.1356981319999,
        1110737480.8044624,
        742289767.0838356,
        704960252.9168701
    ],
    "2201600:408000000": [
        237.889719946,
        1215002053.6938858,
        801134093.504467,
        786245054.9894905
    ],
    "2201600:510000000": [
        205.524766817,
        1126853956.303711,
        768301830.5216026,
        721853238.7663269
    ],
    "2201600:612000000": [
        184.88558935600008,
        1103528674.642868,
        736261206.6195679,
        700350631.8173027
    ],
    "2201600:714000000": [
        179.91730128500012,
        1150597563.1456184,
        754963567.0419502,
        719839962.5701523
    ],
    "2201600:816000000": [
        178.73045079100007,
        1196139823.449726,
        779831871.5459061,
        740512241.5526772
    ],
    "2201600:918000000": [
        178.2228868489999,
        1274606106.8730164,
        816714703.6460114,
        774113133.9553642
    ],
    "2201600:1020000000": [
        177.71087497200006,
        1346103203.7863922,
        851042647.8595161,
        807228244.0775299
    ],
    "2201600:1122000000": [
        171.94605145700007,
        1571138671.9430351,
        961206431.3617325,
        916013483.2593346
    ],
    "2201600:1224000000": [
        171.62649733499984,
        1707614334.098816,
        1028008657.7121925,
        983099385.0680542
    ],
    "2201600:1300500000": [
        171.38041160400007,
        1820109206.7883492,
        1099535230.054531,
        1039179720.6828117
    ]
}