{
    "2201600:306000000": [
        297.05104285599964,
        1419977860.0901413,
        950853490.4252243,
        915058750.151825
    ],
    "2201600:408000000": [
        238.8482105029998,
        1227008054.3004227,
        831220745.0400925,
        793570037.3169708
    ],
    "2201600:510000000": [
        207.2473162880001,
        1136070607.8263664,
        774856201.2811661,
        728356429.9590683
    ],
    "2201600:612000000": [
        190.84874145499953,
        1126914739.4683647,
        752223528.2954597,
        715192733.1748962
    ],
    "2201600:714000000": [
        183.3267383120001,
        1168269268.9345741,
        769458378.621788,
        731117631.4279747
    ],
    "2201600:816000000": [
        181.54354290299943,
        1197893504.8127937,
        780533638.8030624,
        742186880.7457733
    ],
    "2201600:918000000": [
        181.23996493699997,
        1289243611.544342,
        826444103.2080078,
        781732909.2505836
    ],
    "2201600:1020000000": [
        181.2746835910002,
        1362252375.2639198,
        863141284.6969986,
        817611330.9771538
    ],
    "2201600:1122000000": [
        174.78045832799944,
        1583461682.7012253,
        970743722.8367615,
        923491562.6758766
    ],
    "2201600:1224000000": [
        174.0518672649996,
        1718465618.0893707,
        1045689055.2140045,
        990299287.3838043
    ],
    "2201600:1300500000": [
        173.6594251409997,
        1832976001.0136414,
        1115757594.4771767,
        1047360713.3260155
    ]
}