{
    "2201600:306000000": [
        306.94213700399996,
        1461602272.7705383,
        983859396.8868637,
        940939094.7618866
    ],
    "2201600:408000000": [
        241.9764008760003,
        1228681566.6789627,
        839608559.8554039,
        796609956.6958618
    ],
    "2201600:510000000": [
        206.4837484540003,
        1140807644.5719528,
        776372276.8366241,
        734679638.2257652
    ],
    "2201600:612000000": [
        187.84063075999984,
        1121441847.512989,
        748815487.7986145,
        711673213.8930321
    ],
    "2201600:714000000": [
        183.97790874900056,
        1172680606.917572,
        773862396.3137817,
        733973048.7800789
    ],
    "2201600:816000000": [
        181.11537249200046,
        1209438002.6538277,
        793804647.8953743,
        749448159.06147
    ],
    "2201600:918000000": [
        180.72605784499956,
        1297492458.0927277,
        836270930.8937836,
        787778856.3776398
    ],
    "2201600:1020000000": [
        180.30146001499998,
        1365359997.6595879,
        873280719.6574783,
        818800026.9579124
    ],
    "2201600:1122000000": [
        173.85323342500033,
        1582598141.2504578,
        983080068.0221367,
        924046778.349762
    ],
    "2201600:1224000000": [
        173.70174412300003,
        1724215741.5625572,
        1055815629.887104,
        993052984.3464279
    ],
    "2201600:1300500000": [
        172.93134581199956,
        1830414048.5372353,
        1120542505.1369667,
        1045511505.1756859
    ]
}