{
    "652800:306000000": [
        283.979673382,
        682755537.2027779,
        397271916.19968414,
        423307313.4398079
    ],
    "652800:408000000": [
        259.151118503,
        723945371.4565277,
        413634864.5259094,
        451466223.1170273
    ],
    "652800:510000000": [
        258.36584935400003,
        799994464.6261215,
        451486775.61489105,
        487971988.67868423
    ],
    "652800:612000000": [
        258.21722221899995,
        824002168.175354,
        463442535.62093735,
        496575954.09706116
    ],
    "652800:714000000": [
        258.1883018479998,
        824250915.0304413,
        463561758.80695343,
        490624824.6380615
    ],
    "652800:816000000": [
        258.1098388229998,
        913832817.4417114,
        508338760.57813644,
        535474428.1344223
    ],
    "652800:918000000": [
        258.07027696800014,
        925897075.6680298,
        514371478.5883522,
        541035299.5127487
    ],
    "652800:1020000000": [
        257.2763442979999,
        1026873390.6861115,
        564724099.4862556,
        591327534.7844315
    ],
    "652800:1122000000": [
        254.07795543300017,
        1216735930.8049393,
        659007026.9098663,
        685205328.6301804
    ],
    "652800:1224000000": [
        253.6935488439999,
        1316490405.3980255,
        708839320.9059525,
        734911723.759613
    ],
    "883200:306000000": [
        212.36157206999997,
        577696328.0895805,
        331266373.2998085,
        353022896.62532806
    ],
    "883200:408000000": [
        201.48406202999968,
        606291460.427494,
        343346433.0386162,
        374125996.34809494
    ],
    "883200:510000000": [
        201.22133952100012,
        642391115.9334564,
        361395192.1327019,
        392142323.2515335
    ],
    "883200:612000000": [
        198.18215015099986,
        632619495.9154129,
        356659786.9044876,
        386152984.4842148
    ],
    "883200:714000000": [
        197.68323216299996,
        674327544.1231728,
        376592599.0732193,
        406777692.0280075
    ],
    "883200:816000000": [
        199.64039139599936,
        717389315.6916046,
        398551398.87519836,
        429072599.9413872
    ],
    "883200:918000000": [
        201.00397538699963,
        782527960.2173996,
        431338908.35336685,
        462035071.98350906
    ],
    "883200:1020000000": [
        200.23646167300012,
        799630907.7505875,
        439771811.51578903,
        470369517.48542786
    ],
    "883200:1122000000": [
        197.90212805299961,
        988511418.9719391,
        533659444.9838829,
        562852443.9733505
    ],
    "883200:1224000000": [
        196.0149954869994,
        1055358614.8226929,
        566777024.379139,
        595753145.4710579
    ],
    "1113600:306000000": [
        171.25121382699945,
        478288163.3315277,
        273587565.6012726,
        290922378.9577675
    ],
    "1113600:408000000": [
        159.2544292800003,
        508285837.99308777,
        286317280.53928375,
        310328331.49528503
    ],
    "1113600:510000000": [
        158.62014689700027,
        506612905.0614166,
        286394659.26246643,
        309315742.6167488
    ],
    "1113600:612000000": [
        158.55017331700037,
        506259441.45484924,
        284875758.89362335,
        308975365.7944107
    ],
    "1113600:714000000": [
        158.2815299720005,
        568336669.3580055,
        316054195.7809067,
        339914284.88803864
    ],
    "1113600:816000000": [
        158.30672957000024,
        568602601.2003136,
        316385175.19233704,
        340102345.7132149
    ],
    "1113600:918000000": [
        157.68709665900042,
        629080235.1226807,
        346097180.4468918,
        370080233.32805634
    ],
    "1113600:1020000000": [
        157.36128233900035,
        686680118.5449791,
        374824403.9862442,
        398761895.72229385
    ],
    "1113600:1122000000": [
        154.35455741200076,
        800328775.7329178,
        431500813.9737892,
        454512722.2659874
    ],
    "1113600:1224000000": [
        154.58548090400018,
        864019637.0682144,
        466512369.0563011,
        486596660.66165924
    ],
    "1344000:306000000": [
        145.0635028050001,
        405076554.1671562,
        260350669.15136337,
        248857084.58471298
    ],
    "1344000:408000000": [
        134.66236126700005,
        431534339.5233154,
        272884106.5364647,
        270397066.3584709
    ],
    "1344000:510000000": [
        132.20911343099942,
        421937900.72818756,
        263677736.267128,
        263975792.70908356
    ],
    "1344000:612000000": [
        132.0548204380002,
        467871439.33071136,
        287261311.8011093,
        286441358.0493927
    ],
    "1344000:714000000": [
        131.74413694899977,
        472819746.0603905,
        288942332.47421265,
        287081817.7371597
    ],
    "1344000:816000000": [
        132.19037779999962,
        476635288.0586052,
        291046328.3295059,
        288199242.33615875
    ],
    "1344000:918000000": [
        131.87323784,
        526055502.9670143,
        315614576.11717224,
        311495056.5392685
    ],
    "1344000:1020000000": [
        131.7296115879999,
        577768821.1943626,
        341394908.1009102,
        337051979.67027664
    ],
    "1344000:1122000000": [
        128.4705678069995,
        665987673.7560463,
        384211406.8688202,
        378228390.4223633
    ],
    "1344000:1224000000": [
        128.4572805050002,
        717610015.0504303,
        410015094.3180084,
        404032966.8878937
    ],
    "1574400:306000000": [
        119.84541447299944,
        382504670.94379425,
        248805175.87690353,
        239476164.52856064
    ],
    "1574400:408000000": [
        116.14622074699946,
        370702343.087883,
        250297075.53573608,
        232098030.76709747
    ],
    "1574400:510000000": [
        115.35574646599889,
        369625891.1577034,
        249649665.2627945,
        231215775.50052643
    ],
    "1574400:612000000": [
        115.23519097299868,
        413544363.2411766,
        275206766.703949,
        253128086.65620804
    ],
    "1574400:714000000": [
        115.04909192000014,
        413445736.20637894,
        268941752.23407745,
        253028276.7860222
    ],
    "1574400:816000000": [
        114.98791682200135,
        456803176.0821533,
        288159478.0183983,
        274630042.6887131
    ],
    "1574400:918000000": [
        115.34888315600074,
        470946340.56043625,
        301115789.7244072,
        281859082.7683449
    ],
    "1574400:1020000000": [
        114.96112048600116,
        504216093.52199554,
        314195780.8657265,
        298276521.7497444
    ],
    "1574400:1122000000": [
        111.88007178500084,
        606881670.7693863,
        366810157.03149796,
        347609832.12703705
    ],
    "1574400:1224000000": [
        111.58534790900012,
        658589951.3058472,
        392754564.80062485,
        372929101.00421906
    ],
    "1804800:306000000": [
        112.59449997199954,
        359442145.32196045,
        247102607.00250626,
        225021919.9910736
    ],
    "1804800:408000000": [
        103.232415167,
        332373570.9427643,
        227925742.5348091,
        207696931.23081207
    ],
    "1804800:510000000": [
        102.10792375800156,
        365189480.34008026,
        243650462.45700836,
        223639670.1211548
    ],
    "1804800:612000000": [
        101.89341434800008,
        365642578.0174637,
        243770335.10700226,
        223803274.0817833
    ],
    "1804800:714000000": [
        101.78969265500018,
        378707356.77646637,
        250213838.0446434,
        230291559.6292305
    ],
    "1804800:816000000": [
        101.43288856800064,
        404457283.2139206,
        262919586.03170395,
        243031769.89543915
    ],