{
    "2201600:306000000": [
        122.85517256999992,
        392481784.40958023,
        299486950.5490303,
        251628284.31446075
    ],
    "2201600:408000000": [
        99.5358484619992,
        356433655.4834366,
        277462533.14281464,
        223219477.255764
    ],
    "2201600:510000000": [
        90.22487259299942,
        323013246.51727676,
        251246332.8945732,
        202233867.69651413
    ],
    "2201600:612000000": [
        87.79669977600042,
        314943414.3547058,
        244885333.35466385,
        197128529.1368866
    ],
    "2201600:714000000": [
        87.38001567500032,
        348089754.41783905,
        261105428.95946503,
        213474434.5142746
    ],
    "2201600:816000000": [
        86.8660288050005,
        346339375.7915497,
        259602823.30982208,
        210599832.69313812
    ],
    "2201600:918000000": [
        86.67312532699998,
        379848179.8272133,
        276251297.65317917,
        226189764.1028595
    ],
    "2201600:1020000000": [
        86.94656208299966,
        415645168.03035736,
        294407817.6506996,
        243530268.47896576
    ],
    "2201600:1122000000": [
        83.26176778699937,
        469873060.81172943,
        317847087.12818146,
        268505887.2578049
    ],
    "2201600:1224000000": [
        83.11744582899973,
        519241244.8277855,
        342340599.2573738,
        293073978.5834122
    ],
    "2201600:1300500000": [
        83.0107804270001,
        539171452.1506119,
        352210099.2758751,
        302914881.6084099
    ]
}