{
    "2201600:306000000": [
        9.873634294000112,
        31463176.005859375,
        25253916.9348526,
        19866685.235862732
    ],
    "2201600:408000000": [
        7.34162163900055,
        24598459.748897552,
        18954122.699947357,
        15442382.311611176
    ],
    "2201600:510000000": [
        6.246202882999569,
        21849422.155799866,
        16870382.532043457,
        13623855.21226883
    ],
    "2201600:612000000": [
        6.092948982999587,
        21079034.73257065,
        16282683.450508118,
        13141776.85930252
    ],
    "2201600:714000000": [
        5.999214025999208,
        22887824.0650177,
        17127423.595733643,
        14011053.670349121
    ],
    "2201600:816000000": [
        6.255627644000015,
        23439781.79096222,
        17501049.39535141,
        14229859.181938171
    ],
    "2201600:918000000": [
        5.918500619999577,
        24917129.8613739,
        18078188.632621765,
        14937974.014663696
    ],
    "2201600:1020000000": [
        5.918371306000154,
        27121973.23917389,
        19132698.527202606,
        15935225.654144287
    ],
    "2201600:1122000000": [
        5.763029072999416,
        31700014.49033737,
        21227289.182682037,
        18060958.072357178
    ],
    "2201600:1224000000": [
        5.67767592600012,
        34426248.209095,
        22549935.764541626,
        19383260.931892395
    ],
    "2201600:1300500000": [
        5.688002292000419,
        35832590.772857666,
        23274236.956329346,
        20076823.574352264
    ]
}