{
    "120": [
        [
            9.523459388999981,
            57493315.2652359,
            39156483.74063492,
            32496301.461486816
        ],
        [
            7.680708431999847,
            48687997.815208435,
            31865522.443618774,
            27373275.721206665
        ],
        [
            5.839864989000034,
            38673763.00994873,
            26010807.363586426,
            21639930.80997467
        ],
        [
            5.597660199999609,
            36989560.09376526,
            24988405.64933777,
            20671437.706871033
        ],
        [
            5.6255762880000475,
            37555730.14904022,
            25271549.76169586,
            20959805.952835083
        ],
        [
            5.627888901999995,
            37510117.90248871,
            25243048.98071289,
            20922656.564979553
        ],
        [
            5.607617449999907,
            37380992.26463318,
            25197315.11856079,
            20877769.579353333
        ],
        [
            5.602819506000287,
            37460929.141311646,
            25236570.43762207,
            20917648.864517212
        ],
        [
            5.62040588400032,
            37218732.32589722,
            25156211.65031433,
            20816796.448059082
        ],
        [
            5.6115271550002035,
            37761475.960235596,
            25377633.111572266,
            21057857.25429535
        ],
        [
            5.640690961999553,
            38345423.05370331,
            25793619.964561462,
            21391680.193710327
        ],
        [
            5.6292056610000145,
            37627272.87704468,
            25321796.905326843,
            21001281.36329651
        ]
    ],
    "240": [
        [
            11.162025333000201,
            75509121.22180939,
            50863716.99234009,
            42148566.89563751
        ],
        [
            11.196350762999828,
            76064525.23670197,
            51274205.36998749,
            42487754.445381165
        ],
        [
            11.394292391000363,
            76940774.84573364,
            51814108.21140289,
            42955830.762405396
        ],
        [
            11.214473661999818,
            76474748.86756897,
            51549630.93513489,
            42732483.63231659
        ],
        [
            11.20975003400008,
            77027398.63155365,
            51754087.469444275,
            42964059.212265015
        ],
        [
            11.190035782999985,
            76385476.27048492,
            51453534.96765137,
            42638056.07784271
        ],
        [
            11.752388931000041,
            79419764.59728241,
            53150031.00645065,
            44356565.15949249
        ],
        [
            11.180874935999782,
            76116976.4805603,
            51290071.93675995,
            42498450.97682953
        ],
        [
            11.226486861000012,
            76428298.53546143,
            51457026.95350647,
            42679936.21372223
        ],
        [
            11.171754073000102,
            75872616.12751007,
            51128556.015625,
            42365846.69616699
        ],
        [
            11.178598604999934,
            76505502.36701965,
            51482333.97029877,
            42691931.6198349
        ],
        [
            11.177625121999881,
            76552335.53127289,
            51534305.83444595,
            42739793.750686646
        ]
    ],
    "360": [
        [
            22.216146766000293,
            143668312.0664978,
            94255738.97161484,
            80719397.81578064
        ],
        [
            17.238225261000025,
            117523679.88578796,
            78847063.45899582,
            65688760.88256836
        ],
        [
            17.845278150000013,
            120318446.55292511,
            80565648.43809128,
            67297577.36408234
        ],
        [
            16.784053892999964,
            114344002.67795563,
            76977298.44369888,
            63835212.22610474
        ],
        [
            18.299912733999918,
            122951498.77544403,
            82135750.24972916,
            68816873.58100891
        ],
        [
            16.94201069399969,
            115060253.0828476,
            77494508.58703613,
            64258659.37988281
        ],
        [
            16.70524104399965,
            114700043.10089111,
            77203255.68042755,
            64023962.012672424
        ],
        [
            16.69969550199994,
            114994497.3379898,
            77399478.63714218,
            64187515.47355652
        ],
        [
            16.679725811000026,
            114286793.00971985,
            76953781.87124252,
            63816488.50179672
        ],
        [
            17.373232572000234,
            118322210.13820648,
            79621462.68632889,
            66159458.20232391
        ],
        [
            18.83138867100024,
            125820623.14580917,
            83780897.35757828,
            70427474.5724678
        ],
        [
            21.201320184999986,
            139627944.81868744,
            91996077.2738266,
            78326951.0918045
        ]
    ],
    "600": [
        [
            36.73704658999986,
            238409737.5818634,
            156360676.28318787,
            133921675.18779755
        ],
        [
            29.999751033999928,
            202240383.7007904,
            135398484.2846489,
            113262942.92909622
        ],
        [
            30.42553010699976,
            201566157.42807388,
            135210101.35770798,
            112724554.0168953
        ],
        [
            36.52102499900002,
            233429342.22034454,
            154445868.94809723,
            130435787.56225586
        ],
        [
            33.488661240000056,
            217654611.65283203,
            144619043.4597969,
            121591117.21443176
        ],
        [
            32.981737564000014,
            214798759.18390274,
            143006576.36302948,
            120176072.58518219
        ],
        [
            27.755012020000322,
            187444741.95505142,
            126841739.99734879,
            104841519.00196075
        ],
        [
            27.74974175699981,
            187548637.4258423,
            126931831.08934402,
            104904736.49223328
        ],
        [
            27.69405216899986,
            186877067.79663086,
            126436833.50196838,
            104524034.89948273
        ],
        [
            27.7449130050004,
            187510588.86569977,
            126923480.44633865,
            104878379.71939087
        ],
        [
            27.666163063000113,
            186823074.36100006,
            126399397.39730835,
            104496208.49895477
        ],
        [
            30.690922240999953,
            203065177.15377808,
            136065703.6908722,
            113516522.85362244
        ]
    ],