{
    "1": 3.301090566937738,
    "2": 3.5913208923238398,
    "3": 3.5953761672677533,
    "4": 3.619510199132513,
    "5": 4.033168593805083,
    "6": 4.391787176645719,
    "7": 4.387423064288478,
    "8": 4.492726104004139,
    "9": 4.973276826709248,
    "10": 4.979685223240779,
    "11": 5.12991646210901,
    "12": 5.582911580180085,
    "13": 5.780279295937899,
    "14": 5.774037476265232,
    "15": 6.195970781085931,
    "16": 6.423023283332695,
    "17": 6.575585137551686,
    "18": 6.775563769987881,
    "19": 7.27120998247668,
    "20": 7.908582350174147,
    "21": 8.18535727395146,
    "22": 11.089876583350993,
    "23": 11.447405954636075
}